key,magnitude,affected,flops
c53ced697768778d8e4ca9bb7421b67e9bedd62de8aa1db199a42daddcb78b1e,8.165687634239104,0,430698862
8bba15b0c8714c1052a3360813251dd4e7390a672ef4ed364915acc9b2dd1f9d,1.0527807985412496,1,430698862
21991fa770e82564f20f8ad319bba3d0e8afbd49b4cf24ce465e31dd24345fe5,0.6655885695517816,1,430698862
d0d28037d186cf722cbd3c4d5a1d73b646476c2c8dab0dfd5edfbb8dbd097271,5.944336637564518,0,430698862
ab6b969e7f9f47a8bc4b156313799cef0a271288343fce7ad7f4344d2b15d53b,1.4617324419269828,0,430698862
8f8a9fa3a06109b27dd7fb2125ed6df6c3df292be930a5a7eee2d82dee54e20a,8.246641904563413,1,430698862
1ae5ed16fce6d0f8bb831c913c9c4d8672a6fd9c32e5d848870bdd022be54245,3.1033467392407443,0,430698862
2e5e38e437093312d79820efeed2c8820abebc7f69dba64a8c3f2c73d5926475,1.4387193297114265,1,430698862
90ef38cfba8a0272940130b74102d8a46f6e0d6b7491e940225b7fa0305b5e20,9.209704724874502,0,430698862
a9a2d1c64434215bcb7b6ca7726609cd74c983f55974c7dc37a94883e9ea9104,1.6553172273527816,0,430698862
10a7ccebc66edfe164997a11e1e8d170bd7f0c0b775e7b7b60757e63a527bd4d,2.8472008233793558,1,430698862
4e253c7eb4252429b3a4e5609591f69a60ba41067e582261cf24a5a8bca1c7fb,1.5361339519205863,1,430698862
7643a4000bd0861a3315515e737b4567810c4fb82c3aad533b3c2aac3dac31e9,1.1549006366535497,1,430698862
8ff712ae6f06a2e15ff31579f9c18db271a70086afafbe62ae681a6deccca364,0.21148016336440034,1,430698862
0727cc04aec6f08fca24964cee26ae7e9d5c7e6b82cf5f593129130d5e64de16,0.5539540916426011,1,430698862
59e3b10893350fbc4f17848a5fd056a8be56ef39ac32f515e75e7f0e4e126470,1.746414709358527,1,430698862
c20da0754e0427a3153ed34438e5a7afe3e7441fa43cce658699c83102d972f0,0.5338193262717539,1,430698862
4a8ccb967bdbec38d98c8b68407241c4e536676d0500ca2c8491d602d140ecbc,5.911438161109713,0,430698862
270a9f61c914cbf5047bddbec0ebb6d953503a6abb4f632afc0db6ce633a1750,6.807145267995064,1,430698862
0028e237dd5b58cd4dc988adfd99879f265565c5fac8b2f242968b26e3ff9765,3.936304568320282,0,430698862
dbef61961bfac2ad2a87d266bae6321812f86791c899de180838ab1d43310715,3.179910969520494,1,430698862
2f7c45f04700cc6e4915e931e948ba67b64484eb6005acaba9dd7e44fe51e54d,5.045262370222301,0,430698862
1a686f51b068bad6046ebd472cce45a8dc82ce804e22397e8fbc6839aedbd706,8.750049422346086,0,430698862
054d250e9090696f86619ff2ca80ba55d0f40dd8aead21c8c068e250a4ad885c,8.51131626822206,1,430698862
94f5eff22c77ac451f3a8a0839b91b5a4a3845746e458e2b44bcbc66e8c29cd3,0.43475062012791943,1,430698862
4d3e608f2a5456dbe06a9975b91da74c0f5f037e3aa61dd7360bcbeb8c9c0876,1.8149840959652408,1,430698862
ada296dfae96b75eafca51398ced669d0e09cf2f29aa3798a7cd603c44058e84,2.36744871104396,0,430698862
23d6a04a741145cd8a9e020d1c57ffd23d0022bf85637629de16ae141118e4c0,2.493875758322118,1,430698862
3d895c53d5148edf7b969e443e5c73231e3fd459ea3d3f3aa564a00f71a2a2bd,5.712326517427727,1,430698862
90a4ebebb87032d9f8fb7a8c4aa782843870b43876cf73167b391d6a7c31d288,4.162624257031923,0,430698862
20b01f1ec8be0f93649a889b93073601786657434852b93be9344daf789745a4,0.49254119927593987,0,430698862
f905c62bcf7f498cd193df8e74eaee99b8c2cf44e99f780a82a6a0e76da9e40c,3.736141384595716,0,430698862
49e1a764b6946950b94ddfdd7a7d95b22cff5215ba5767f4ba9e6df61e45d164,5.2375294871763725,0,430698862
0d5aaef0371f6819c29794805f04941eb380ed1e054889e591536fd5b88e3882,1.0167190290371597,1,430698862
0caeb154c1307405d16e8601a4aeb55ee6972debe6ef477e761fdf3de48a1bde,8.334585537885598,1,430698862
b5ac78663e7ef1e6d9fc1de097c1d8d37572f2a4a01e6183cfc1e2995113cd13,0.5196186646510426,0,430698862
6596f477226f378025a095efbf934b37b6dd722ca9afa2136ca4bea14a0572b7,9.248418690180621,1,430698862
35319caffda73cbfb05e0a6fe470ea4f3c48c4bdf2af30716bf61bc1d99c46af,0.991131415798755,1,430698862
06eee21df9cc6bac6c62d299bf35737b3f199e165ed65c84f7f7b76c65564515,8.435749515977527,0,430698862
5d7aea4fb4653137edcf62638d9709c43106ad90320f5d836bdf01377c24f88b,9.026531439276171,1,430698862
85e65e053ae77f3ea019cc8e7a57bff69683a0578982353577fdad1e4db5629d,9.795706805865926,0,430698862
fcca109ede64520345a23fbfd8bf267c31db283babb209a08ec11f462953d934,8.020258802735935,1,430698862
90cdbc3f09f2781523622ee2af0cf36ee268c9bc4ccf0260cb5337956ce3287c,7.794775407713289,1,430698862
46c0be5f278f77fa17900d07fa41713fefdbc795d77ec649d7c82adc2bcd8da7,6.424832759955477,0,430698862
85bbd39c177ef199fcd95e4e066748ba0cf8eceb79f1ef1045c376c4f62ced4b,7.78996354578129,0,430698862
36132b7903004f4f83332002e635271a56b97582d48d29b4e54a32f6a9d216b5,1.3455220841314708,1,430698862
26e4a5b94be8903c2aab77c8261054a04fb17dec51c6fe7675deb8e8a8800f71,5.360680359476373,0,430698862
fb8044a947da2cf839ab570267fe77c34dc2dee5e198794d09249b33eb886a62,5.142228701904145,1,430698862
bd762cffe22715addca8541e0dcb22ec34310db335d85caf2b86ff98b45e6d60,8.575721441225575,1,430698862
d122bb4547a008d18004daf8bffe8046193bcc41693e1d39d29a87628c26a0c7,4.627993655935159,1,430698862
0d420358cd782e7e29b8a1933b5728975ab5130d465da64426a52704276f06b6,3.850894961003535,1,430698862
c33c0e36d2e2781da50be2e81c26382cedff84ecdf3ec1cc6b1418a690bae981,6.395632712371101,0,430698862
8e1999bb293719abda26f722af48a9d45f808847b5808af292eb5b93df0f2608,2.6646331750084604,0,430698862
e5b799a244809f1f17cc7685a085caeed1ff6af11e7716044f3de8f0c746d0ee,1.3976841095395687,0,430698862
8eb8494ba4e2b0f1417d81832d6b691e2ca35e6231c81b03d658d2f00159ae7f,4.778772740237458,0,430698862
1029324bd3c8d94810a4161a3a3545945289db5bd8700844d4a015ad3b30924a,4.16889368594885,0,430698862
f1dfbdef08d8bd83bbec7e865d6c48105e367bd9c6a806cdfeae55e152caff2d,2.325699405288737,1,430698862
114204b1664e9b61c902a096cea6fae3157edee5c3a8ff5139351cbec0364e8f,3.67511810115128,0,430698862
5c0f0f37c6e9e3569cc766cda30bb56f6eef232cd10505a84fa733585cbc67d9,3.663924498262474,1,430698862
a3bf0c8764a96c064c7ca0c15f6d749bc43e999528186f1bad69bbef87eae61c,3.2749556441254546,1,430698862
29fa346754053c7301fbf1799b69ba28c044016c1550d4d9b9d7b1e3ec1749a3,3.79464079726929,1,430698862
c11a1a2c03b48b1494330e8f239863b4fc978b4be00654c4e400fcc7a5441fbd,6.8574334545594535,1,430698862
c2fb44e7d5bd0a39263e463f15b41afd55f52a8b5ac580514f1919e19fc15437,2.968764745712853,0,430698862
488e5319b24a7a00134d3cabd780358097146f8fb4cdcab59b276025133873f5,9.488579267153405,1,430698862
759daea8d0deb4583479fde66f954ad626e35af4f7ea67dfebbb8f78438782e1,9.16348019538178,0,430698862
dbf23dd9a65d4b0f9edbca53b0c7c52a5a7f6470e882e3dacdaefd0b36965b0c,4.809104283000786,0,430698862
b610cfbdddedb41af9f38266e5794822e2fd35a680979d25c68f989ea7b9caf8,3.283612050046888,1,430698862
57cea9fdae620b77185d0c213bd06df2bee6fffb6447c3bf709cede205f3963c,5.354347898300031,0,430698862
ce08f2c33e03a577d4e23e5a462dc8b096cc706d024ce23865a3a2371833cce6,8.485604887736246,0,430698862
9e77daaebae49e5b14c68d6d49b072b9b82373d2ba0646fd815ec7d52a377bb1,6.52587340560102,0,430698862
296d7c530beb6a9af297c0f69ad4bbd930a85c8db56ab81d525f27069d396cf5,8.043918279470773,1,430698862
9da9660388bdbaebd98ea1a809866d2b2c09f344848ef399caeeabcb65910324,5.327222760657402,0,430698862
6ed3fa576ab5582d8b61afd134f72f33dace8ee3a6b92051122d7bc84afdd696,6.329176292676207,0,430698862
b99768f817b97bdd849dc594bfee84d8682b830a0c2d463c3b4533765d1d265c,2.881556141824617,0,430698862
ffa2f40ed474e19953445fa43b262a542378993b6acfe0f0406d89c9489f9798,7.348931623102908,1,430698862
76e8336f5c2fb9dc702838e2a79db9ba0190724b1a1130a6d57b2878ad471242,2.0240459312571835,0,430698862
a5c16abbba20926f8e1f1ddef2e0e95080dc5d782338f8e0043940c9b8469289,6.947981288184982,0,430698862
24d8ae672bb4f4d05a711188dc524e97d08c294e414e5a63238d671c24991004,8.60719068325894,0,430698862
67f56fc4d98761ddcd3d5a490f58e14188deaf79e187f3aa9db234a7694497bf,1.3210283730154393,1,430698862
b9aef57aed79c6388e4eba6d148c30a1653a1d756ae4be528a34ee6735ab1142,6.143797405419198,1,430698862
d54af7f41229b92b3d4e228e3023cdd0bfd1bddcceea974280125bfca0ebe542,0.9509574822993461,1,430698862
c396bd36e4afac02c7acdc52ab1b1869f438a57ed91af5d873abb8efe684fc6a,7.257156282714269,0,430698862
469646dc4feb356b5911618acd396872e3e4aad6ea7de36c48fc34ea143283b3,0.8449321882352023,0,430698862
2ae3104f8b53e486fef15cb7a65f8064d8145c070efda297fa0ff5e7d801e552,9.35939822700626,1,430698862
335d77b1189b3395a2a179ba02736b518b267d21bf262489d0f2175982b51083,1.3740793003780216,1,430698862
2608354f649489f5e5fb1c01daa9d6609e49d29b644a9e6cd2fca5fce43ec00f,9.588802459090804,1,430698862
11dd49b991050b0361be8ec321377b33c5740f1c2f5e444122e5661f71a3fe55,8.008841760850967,0,430698862
845a4540262beddbe1f5c8e19f49d619b9d1d86c786e35da977341813aaa9b74,5.936820044663541,0,430698862
43812f0015c9f01539cbfdbe157a9a98570278a60b319911796cde4e95f85090,7.826241046295469,1,430698862
f30ef9358f3a60cd863cb8fdfa20cf887950deaf35da7fca3fd3a07b9282c34e,7.951148389830859,1,430698862
1e5c499d49baafd6ccd37c6d78fa381082f1acd552fecef0173442da290fee05,9.460270628173303,0,430698862
16f2eeecbed0be070337cbce941ca2ce97f9a7913cff6a56fc479fb354bdad48,2.533833538391872,1,430698862
3034fc4ec5b49f9f4e745cf3b570af99ba51ca23eef4e285f33eb9b647ecdd54,5.900758953583091,1,430698862
cc10f902e21a96c39c5851275c67bdf7eda0dea39a929426f99679fd12eaf6b5,0.9504919756440122,0,430698862
e8b34b26be5453febfa3938802538437f59458eb340aaa4aae26d2ef987beeda,6.161657000241213,1,430698862
20245688dad74a53234404dd1ed8fe8c054e2b20ed19af94d38a9e165437cabf,1.712913040927888,0,430698862
2be3de88a5087dba78c7ba8dc4c7ecb09eec44edef34d4c1aa8b069c6eceb82e,5.649506114724419,0,430698862
f4e787d9b243dfcb86e0690b413c38f0bb8f967c9290c61fd95d10bce522d68a,5.7243051403384975,1,430698862
586a8537d878e6ccb7abcf4ecf120ed6826195dd82665eca231867d1e1cf1d09,4.659851529812274,1,430698862
26719a95289cb895e0c34b804482ce259a6a13e6c8a1ae4f8eda115b69a1d23f,5.226317755131228,0,430698862
7d47617e1a2fb1324823803f3fbc9075dbefc0106328c3e1accffa2439174950,7.6392339000658795,1,430698862
441d5d97ab53ed589ab4d7ebbb24e95d2d4c6576b2a8ed4c8c17eba2295412c5,7.992447165120666,0,430698862
3039d591c70aa701eca279e6a61782bfd8b4b03a5242bf83a520c1f1ca4fd191,4.921532155754291,1,430698862
6e5adbb9e81189f0f54b7bbf4eaf438de0eb09ae5f0a21f4578d4c1b40e6b681,5.995934415226123,0,430698862
4ff84bcfa3bf06c70ee934a0fd8c9c10083110844a2c75d6bcb701d35ea88548,9.31236235690102,1,430698862
607011f4ff57a35199cdba3807158c43c802df4844215aea24e8f7d6cf8614cd,1.1973358850112281,1,430698862
d4e51b9ff94916a084755032063293d0ee5019a5558c25d9686fcd2f358d4831,1.171035659001105,1,430698862
612eae1b40d8a66fd9114e1923431ff4c8a7b193a1e4ecc1b8e35c69801de942,0.8770901191076841,1,430698862
09cdd2a05648068c0c7d7baa0484d52b3ec75b28fed822c039a46d58bb89695e,6.5786328504052785,0,430698862
34ff302c648eb379b1fbf0d80d5d993bde899d59fb269d00f4155e3d35933bb8,4.186083007903795,1,430698862
c92143cd312623cae04c5c791c03a5d64b34a69a741678d7f7a3dedb0bbc7fa6,7.743214161418432,0,430698862
3f03bcfb0d7c879a9f088d6379551d31cc8751bbfbd9e3b87d159b017d068b11,6.7123141330859255,1,430698862
839cf2c61297ebf6d7ecf857beda5aecf87f1bed9a707b46a0d4f2c8a621d983,3.3363775832823817,1,430698862
20fe3cf38a8c2fff7efb7b8227c451a5245f1bdd2ce3a37be6aa89d8c6e25b6a,8.983665473615357,0,430698862
ca877a7a88fb702b218b88b088ccef609221bbf4c0ab72cb9750bff79e13c011,7.625321470706523,1,430698862
8907a6103868318aa1f24d3987692b6c1426d5c08cab7475b2a212bd90b254e5,2.705349409101757,1,430698862
98c4f88064b9571ab265dc31d62bfb6ab3b196c61626537e278b54ad9d3b425b,3.6419201777205403,0,430698862
e95121489db7179b157aa16716d7ad1cc922873b92c012eaf5700c53e8fc75e4,3.1443998020426287,0,430698862
70488065cb674b1bd1a26f7977bd178f1fe45e3fc45ab44304d78591941826f8,1.5761164862499966,0,430698862
71dec68ae60d985d690472a21a2c3ef17e0f7c16e619c2516c883e810a4aa5b2,1.4778337254219165,0,430698862
a122a1dfa000467b1fcc31c7da6b0932b97aac6087dac71beebf5f463f1e941b,9.361274633757441,0,430698862
c20d2702f92d4e19acdaee96dfa5c07fc19b98352d6bd62d6b804e008e76802b,4.379040371987532,1,430698862
f24ecb16a1d0cbd8f4f2989fa09bd95c4f91daaa3c7b4a407113b1379842292e,3.8331982277740986,1,430698862
093f9c299704ed24acd2e8f9e46df8d109781277fd98725c2ef02ee9f4ba9091,7.296857086773779,0,430698862
7ecfe90790137d44a9f80abb3fa393fbc9b16ec4ab6b4eb44746e027e77254a5,5.529930652528999,1,430698862
4882564617b818edf1edc2b7d437c935333cd2c7495d37e61c7fb78a87457fbc,9.361399868384622,1,430698862
ef8bafd7a3376295d028ca028cc301cfce8febc1717c5141ed6feb096906cd7f,7.803014939093922,0,430698862
360a8ac04f06a76ca8dce2e657d8dbf2c8efe4a37c830cf472fde39cd4c1e897,4.793695641245403,1,430698862
c6f748675667236d56721ae53fab52ccd5543f1e63d732ca2a94b73d3a6e2f9d,3.763594734808262,1,430698862
be190dda16621afc119830e2c051d259a2c538f4a6778e87efdcb7df2e57300f,9.86631544924322,1,430698862
c4151eda8e7a684b3add4d25c4643632761f5cee36f56ad2e05c09d08d2b385e,7.177602360036435,1,430698862
6fa91e448b32c86948e0a6165cea896cb753f87b7d18fd0a22c635ac5919d7bd,9.511946600038412,1,430698862
167aa10c41064abc2c95b61b67c803b053a319bb38aaea925072bd68ac4cb28b,1.1847857721704136,0,430698862
9b78f1978e35c53f36c0a36841e67bb404f436c8f191094fa6c6e437d56816f4,8.505336791907826,1,430698862
911f6524703640fb01653cce3b140f1e8efb34786b0e4a0db573c9309b318b76,6.370738839912075,1,430698862
fbd223d912ab55faac7c894bb566f992e2e5d4866a5db28c7b4466ac34156c61,1.2192167833511258,0,430698862
741bfd6cd7b24e5981475ef91af096c67ed1228d883fc18c208f70a44164a664,5.882579999692207,1,430698862
efd93342db4e8e0f9c5960af042e8cf0573532d005d34bc81a4535edf08e5081,6.8609636510544885,0,430698862
c2f009ae995c36cb48fa0b0417d3c7f3e24a6bea6411cccd93cea2b386000241,0.12302685888602838,0,430698862
c812447a7f10b64894accbb4e98ad722f6e6290a5b30abed243c09a3d5dde8cb,4.543179618417465,0,430698862
e3d0c5063a47afb1b957d820b9fe811cab8fdf080ff4f30b1a23b5d0d7386db6,8.253995111963212,1,430698862
a815c29e88e248bf93ba24bf2fe3f72b60e36eaf17fa26dba6d3f9b46892d9eb,2.9535902534408986,0,430698862
71803cb55f6cccc35461cf8781139e0e9beabde2110caea6ea2d33362b4d2f18,4.585480817985511,0,430698862
94070fdfca7e5824fb952207026acad67fdab53c648c7d94b447b9b38506aedb,4.423141270678932,0,430698862
2f321fc6eecd18775557386e90762f607e1b57440cb75f95dd1208fe322c9401,3.019273914424916,1,430698862
1489de711497cd33968ce92754778c2b5f957cf6cca5c0fc58d49701dacb746c,9.184418955155543,1,430698862
3f19ee0118ccd0fa192f3f51552a23237e6733b2d7b38c45bd583efaefe81217,7.812940354315159,0,430698862
cecd35dd3285e2f43fa2b57e0499bde394b2363b39851cf12901d6e06401b257,1.105884109961105,0,430698862
757cdf22a9b60c8eadc7ebc90a0d70564095669b542e4d26679adb86ad514540,9.97034657837573,1,430698862
f301df04a0a20e90bd7babe0c66a9250ecb4a0acdad1b00d93bd453f3c1da850,8.792000243077453,0,430698862
8357b40d24203daf412c493a74f9d6676432f3e7fb28d01e1fa60d1719400aa1,2.83908437864039,1,430698862
97c0088d880339aa7dee707d8d6bac3a90d992e65b44b839d1f4eb0ee010037e,8.368965796609382,0,430698862
20cdadf083f67d2d0063059651b5f23c035baa1d25cb25b1de64f1805a1049c7,1.0641953187138287,1,430698862
a45b409f880af2f7679a0e405444558c6536f9777da94b6210a1b3c641389c90,9.991047304742386,0,430698862
77e3351d376ab7222f701e0577670c2ae04831f40460fd8c987f99e3bac8d992,6.656847361065369,0,430698862
ff1688d847201da02fe58ef95d7a9979c5b9c7e9f373d41a9dd1671184aa572c,6.50125015558797,1,430698862
e3b47344962002fe69a44dc069bd97197aad566168c3092a075f0c3ea740ee1d,0.9044072698413275,0,430698862
ed7185a81f3c6d395d44c88af2eaffdf84f06ea4be91fd6a93b69a8786cfc74e,8.970333988966253,1,430698862
b3dd0976ac8cccf4a7d847b825ed93bbb4af9254a615514066f2d27cfbb70d69,0.28999503204469423,1,430698862
1ed95a8e3f4d7b057f52cdf4919e91be225d4e9c321e21ada11e943bf103dac6,2.4082805804114704,1,430698862
797aa95588aee84ac88c3e1a4c5a0b4f34802e0bb9907974e0011deb94ab7e8a,1.43021875166635,1,430698862
044212563fa34da3071b1bde6e9ccdef0aa91532d17ebe2d9c8bc70d727d76a4,7.767679406922186,1,430698862
b299c671c63c84486934a933dd71a09f925859da3a3cc8b90ac8195a6cc07721,1.9820422721289788,0,430698862
40b289252e12cf281688e4f7dcd294036424a5b519205a87ecc7007815c63065,9.106382271308853,0,430698862
ffccaff8742ea686d5e942f3524327409fdf8dbcf9424b5941810794278a25ed,6.5626903932749014,0,430698862
77104fdd538217705ca5fbf21c8d63e954534a49bf842e40e615311321315ab2,0.36162710494696215,1,430698862
9a97c4e31d10bb3e33fdd3c9a6af56cba4ecc51dd1d9cdc3d45def4282c18a8d,0.054298341287004614,0,430698862
152ecda2a1096c83d52961c2051918d4aec4bc6a3ea4ed07fb8e8037d82c4f02,0.5165791701439892,0,430698862
1a8f74095dbc548fed960f4cf5c2d644d7e8689c43de0e6986a463dc881a6f91,6.059251776477277,0,430698862
0b2b17d5fbfae34b7e6f38852359e0f9a1bffd9aec774291aec3b06478612ce6,8.014818108594152,0,430698862
d2731ec09a80048dca1e3faefbd9833e622773c406b674bc5cdd0baff2777395,2.385528206273885,0,430698862
efba737c8d5b9bb60315e85aa7bf58d9af82337a68c8f145edf75531e087cedb,8.494088429230729,0,430698862
68a63f7879352801b872b9f9fe8af3250269363f309dd5a502447ed60fc7e2cd,0.5723194015326039,1,430698862
b7868aec189d3052e4410ce9f624063977a584a81866dbffd6db86156821a3a7,8.009638536416762,1,430698862
a2f7aecbaf06b8368b128e130669e52c4fef84218f714ae0f4f9cf017e0de673,9.277954301722804,1,430698862
713b089b62ccfac24a1595c4afb92fb1a525506c662969989dc9ca27e5d81e59,7.721083991043805,0,430698862
36dab6ff4ef324f8ec42cf1c09cc2b6a83e0b3c622085c30a19d81f570d56b0d,6.9812078397863715,1,430698862
96e31dfd991b74084ddd52e45101eed62c40a80744ff10737a130450658139f2,8.379802186553832,0,430698862
91fdde7488362bd37b6f4e48fb37a5586d6ff994a0cb94f9b8b999eb4ce2ed2f,0.4015129954706642,1,430698862
947bb0b9b519df3a9e1dd183411494e82c6a88faf687dfcc0585b4a03ec1ed70,2.017821107190554,1,430698862
0dd301f78ba15ec713cd733ce89441481a0ccdd58d267140ee172bbac4c7024d,1.2492367930564308,1,430698862
7f34e1997c2ce382fcb8d446c8cd0880a2509bcc4986d6b5d026e99fe8853160,5.0453099019298655,0,430698862
6a795e2be72e25fa6dc29de382de97ff7fa59c194bec32822e19752fa7962e50,7.451881283288445,0,430698862
75495f19a7fbdc8ac45e0701b05449361ffb0dfd6fb727abd09ca6994cc671e2,6.300118445763987,1,430698862
8bc2411cccbd83b7704f946d4bbc0f4bcec4374fc9897c42f21f6ed7df5e02e4,8.51131099761935,0,430698862
c395018b3861d06348960c60a48fb0019b7ee80e2e7829d9018c2793a1b624ae,1.5521299244109088,0,430698862
99c5ad053001117fa165460aa1f3fe0de25179db06381f69704bb835bba12d5c,7.346210919351615,0,430698862
809a10c9504da96940699d6e8777246f55b19d59dab379d1a5b6c0c3bc95ef2c,1.930414908689041,0,430698862
7cc4463ecc45370a8045212b46d0047b5d6a9167c153402d07404ee5bcc92478,2.7075875131780025,0,430698862
738090172f8c62f1cf86f0a25bdc2ff5b2474ba8cbff932032b400929ddcaf9a,7.0990469728130385,0,430698862
2c243491f047ddf62ff97f027ca527116a187d9423637f854abba54e04e2053c,9.802047848986819,1,430698862
c798a403eec2ed5c4397c1d44e8f1ad61a9f4071630cc39fbf50e10b5b321734,6.115436059770696,1,430698862
8695556ec7567a06ba3e566f58e5c942193ef8cf7b824523e7daeedb123fc84f,0.545003149912956,1,430698862
9103ef1b287468502ed8e62a0a2c37810ade9aea0aa753357c3e060ccf57cb4a,6.163089699275329,0,430698862
bd2426e8f0aa6bdc0ee599b9b8ad1269414ec0ab65863042bbc0bbb3bdf20a0e,0.42350551580167095,1,430698862
3227b135038cf0afde609a702daa700eb9978d505261fef3eb36dd90e361952c,8.841457113668172,0,430698862
b1148a4dbe8b29771876fa468318b444dc1686304103ac4b3747c91ba525f9d8,7.0957828510062075,0,430698862
1b58d9c3a9fe9dbdf12416f841745e859573ba66c68039f8973f72505880df73,1.7312784642250323,0,430698862
a4d32a603d1f4ff49022da17afc320e32e5446e6b020b92484c61202751249fb,0.9172100582419807,0,430698862
c4c650c237b747c972352848b41ca794ec4c182a68f07879507fdfc062b9dc34,1.8353322888031898,1,430698862
c9c71d595331f9895f0de18489ab719d5d43bea339091c5d1653d066a0631446,9.800271795541924,0,430698862
d7b77432353bac4186ddc1a8c90698be6bdfe1d01a772436966e897801e7c8f9,4.585606424584898,1,430698862
209e529d5dd5161d767712c312608722e65c356576763b734c644fa34e04fbbc,7.84080948341408,0,430698862
b99af2deac0d404d6e84a27c5bb3ecc2bbcd594eb7168837c6f31786e078357b,6.364083421077769,1,430698862
6016ef54b150a9f35542bc6895a6567c2f0b2a4bc42e9b5b72200387571a5978,5.724131499586374,0,430698862
24b6bedff78ce8feba1d5f136ce5a9fc95aa5460e636be616f774636bc9e9a2d,1.451302546650497,0,430698862
c9d99fc39ed2741f613237787aca98d3066c856fcdd4668e375af2b35b9d0068,9.460244535580951,1,430698862
83b7582dfc0e4bb478078fb68fe6003c5136369d73bc8e11277bfbe7d7986755,3.0134263251471793,1,430698862
e8ad01bb87493ee080fd370c9c262d18701e953a46d2bb0b7c7891f52d80861b,5.7801721580754215,0,430698862
14e70c4e4b7492f0e72974a8dd275fb242ab235df34d75c5205b1841d8a77d9e,6.997759445890662,1,430698862
ccc6c75c960614ce92f044fd3db8492c6dc8a26da8d17d1ec8d9af83856f632a,6.492331552453089,0,430698862
08c817f7f2254d30e2ed5054bd644a4b9d2ab072757f59adc6350b515968ba5b,9.405944096955185,1,430698862
25b7069b2bf617b346a694d5b33cd277695f7bc21661173c75eecaec6a326b1b,1.48438989920058,1,430698862
75b78f5f4812420a8f32b4119bba514a31d997ab58e42d743f96062e2ae516a3,5.083527384469421,0,430698862
0adf72770a667a35d17ec6f2cf7eb6aa1aa4511e74aeb518034d2c722aeee97b,4.04034390740766,1,430698862
041595999d2b0fe17b646f1b7afb3afa46e84753ff59bce498c2cca7c7da646b,4.741687294826181,0,430698862
901bcc2f47afb72f459c55d2f21dc620734f102f199ffac3afcf986edb3fbada,1.1921752619774462,0,430698862
14ca1546d5a65b7ea9c08255c8e3b97c239ab34b6420e91aebc9ab7eea6df666,1.3409460987276534,0,430698862
fe984a3a3b9c17bccb5c25ba87ca5ccb35fa816a2e2c7a9f74e71dd082da5cf5,2.7807554578125737,0,430698862
f24f99644a35d955b365760820b73183bda493978525b3570280e7bd32c06f1a,3.047046037608313,1,430698862
7696c8bb2bceed456f09e1d213e3c13e705f3e7a2c5e86fd39a7942cd6793848,4.2790321368135,0,430698862
c0cce5ff68c0623427e78ee7a975f2b3a1d1d8ad756ef55bb743bce9c9918f51,6.1098754703662825,0,430698862
4a215b0f69d25d6c55487d7bdf86a20d4d3e24346c276673dc727d88ae12fb8e,6.34629117418263,1,430698862
02fbcf69c28a48d7dd7a73e619456459d48dd0bf90e7b2f1b3521355f81d9911,4.118108965855702,0,430698862
d4a4c7edfc04ccf70279ecc2884cc20f3c4e35d2d47614ac1f5e9ec97921c996,4.087831094286971,1,430698862
66162aad2f1cca48d9ab1e0a62cb8683d4d936c932e577bae0db1939a76adb82,2.1762852669696198,0,430698862
1d1ac6fb21bd3b965bf67a2b9682b7b642e42baeaea888b18863b7390add19e1,5.8830624840900825,1,430698862
ec54521c3b36bfaeaf9664a46b4c0a9a587d06b9398d5c6d1dc0af79fb1bc16c,3.170409113172379,1,430698862
64fbaf993ffb173f608f9db3731d484e5d8be1e2a92f26fb0e2cf49f8a68fe0e,0.360598342773637,1,430698862
e23c002df51cc128086d74dad0bb120a62291dd654a5f9710d9683677f08b714,4.184000441568604,0,430698862
040968faadb6c8b3c71464bb19e60645e0556374b0ed85fb19d3b5bf7ca4ce53,4.741326750901703,0,430698862
1b44bebf52f6f71fb64b430fd10b6dbd0f0b740fa2eca37ee21f74f72ac859d7,2.25592868204211,1,430698862
d1358ca47537793e65bd729c21cab64178ea5eccaf5986051765921acb2fb146,5.724579331221157,0,430698862
f886190f70a6ebcb3db44ae7a14f7f9a78008dc8dc880d38534740e2a18b05ad,5.657719004319209,1,430698862
3b50bd608374d1f7f43af6c63a9bea896b0a2f53c62776638ccb2a082aba9776,7.020021811103714,0,430698862
d947c4705392bd1ba41053941ff54bad7ddfd60c549ffd6f3e8959ae233eeedc,6.4794848220121,1,430698862
a7fec91bc432add1ad53d7a27bc513a6f0d521974d9f627a03602ecfd4368aef,6.524330565210316,1,430698862
f4b1949ced94e58f4ae3c7b548469572e0aadcfb5cce5d2c8cd60ff0a0dda79a,3.162141518240431,0,430698862
1c0ce77f75e76c6be56568b3a89b1e2c5a5d25f7fec2fe5b20a8e99fcd7361a2,7.874322219859539,0,430698862
817142606f0d06a4bf4c845f48e7fb08d2729c5ed7b298cc0d7b450350d7888b,5.491443835996794,1,430698862
63f17e10500805b8a6ae7594110702b5aec9d225e29ad8e10af4e872bbc50fa9,4.314181951798901,0,430698862
2a61dc0c09b25acf2f326bc179e890e08def00add901393b97380c5a4e6b830c,6.260124809410571,1,430698862
206d6863f8c4342e3f6f308144c3514dc9c32e6f94d9250c48a57bcc6a367af9,3.606573344502543,0,430698862
bb087f2864959699e68d3fcd8b7ccb01477f663be500255a251dee55bad882e9,5.127392446067582,1,430698862
2eac31c83d1a6ca6af491863e701c1f395e01ba5e5e9768f7fb9bb158dfbea5e,7.367056884822203,1,430698862
13ad639c3a0503973ae7cf5db0120f20679ae1490620b8ba8c071814d061d2b5,8.864028867237078,0,430698862
df7420a60b4f9869223925c67e86d66dc4a8626b711f0b306596e35ea71bf30c,9.210571972951916,1,430698862
304aa30b61f096b25990e619be9939a65b02d7d093f30b951fc445e02e43821d,5.036329251830992,0,430698862
382f962ffc37a1f84601d09bf36f864bfe07715de1d2d71de2cb86beff4a0cc3,5.2027511474056904,1,430698862
bc5df143f751f8489a8ef8e3bbc0a2c59645aa192ca508006fcdb82aa2ed8526,7.998704107638365,0,430698862
31117e49904091820208197b81b094f999a043c097fedef495cfed9a02f487ba,3.144506917442013,0,430698862
2f5276d2945d892b61ba01cd83f7719ef7069401e887e3dbbe9c0bd111dfb5f3,8.373823623450686,0,430698862
bc2ec7ee91d89405675a8c4fe50b351a871f5ec0ea24bb05c6a6289f14bd5d6a,4.9414164651742345,0,430698862
a1b677355767e9506a9081c8c911185d6a48939f58caf3201cce1b9e4f297bd5,1.158567243352684,0,430698862
7a9dc6b5e5090ce9a6d429d3a15dd299c961b0dc1954b7fe6372a330979c8b4c,0.720591470729437,1,430698862
5e12054d8503ae127901bd6454e2c8da707caf18498645171fe5a51318e65255,8.419932110394631,0,430698862
269111f5cfbf1c84e94c2c607a3240c0ef943367015965cea23b41a5b9c29b89,0.555679169068779,1,430698862
c182f895a311b011c81e911aa34d18004b52eae812cf4af50fac1846b04999b1,2.806114361336559,0,430698862
16133d1454d0e275357486abafebe2a7fa9bd9bb9d17c02d3b50a914b951d3ed,3.341300405015458,0,430698862
a4c1ce64f166c35c3811a2c94ce262d8c3946fa6f2aa5109d26ab3bc64f4c393,1.729944451915938,1,430698862
22daef905cc142df86602a42182c86745c3b6b302d73d9986d8bbf1a500e4771,3.1389336980198923,1,430698862
d7c8cc5d77a90b151e6cdb216fe32661f210e33a345207a71c4d2f3ae962d3b5,7.426925667250856,0,430698862
e6080c8e6eff263af7538408797d53416b286eb85e3f4b94500ebfe73283037b,0.14682843560070769,0,430698862
a4106477997a7733ac8296fb9f6dc662e8b8f65b6b77435137d434080bbde277,8.271734245206865,1,430698862
397277ecc77da58cdd0f6104834bc63ae024582b9e3c8d300409c83a07cd9458,8.565480235745582,1,430698862
6e9c3e99112d571d492342704a964e1c20888f2289631402ad1cedea55a2eccf,3.722615731915482,1,430698862
b95c5d653f17753559a7615698410d724c682dc9c8532b9224ad1bfddf3888dd,1.536128990606348,0,430698862
4cd23cd09bf90da6764ac89b2d189b06feab9c9810bff86b049d1a82eb987b95,6.008404079450809,0,430698862
6ab0abd8a6bb5afe76d656e8cc57c932efcc5e19aa14c8ea87d62a860d95e0bf,1.1967255586489434,1,430698862
3ab032108d80827c078a9995161f353bf7763f073c9b6333fea7dcc64662e263,3.6491936107825254,1,430698862
e2c6a8b3af397677810d2cbccbf5f1335b875728bd4744d8a49f88fc7df6259c,9.584291809009724,0,430698862
5501f4586701cfcdc72e35d8916aa8d7ec3fc6d5f1a9becd8db39037baa36787,9.95464472583637,0,430698862
6f5f120afedac147544b8b42f26acf93b68877743fcbf935253baa803149129c,7.7210489135458555,0,430698862
967b8b8c368d604485be56cae734c6c7357c9b96c7a0d699a0ba3d0ebb958f07,3.1096150992076623,1,430698862
3dab01995045c1adf407fbb9649f73048a9523eebdd60ffa0af79fe75732dce3,6.876650491660925,0,430698862
30a450e44926aa73252116c721e953d36ac90a381c94d0cdc9efe9570381c74f,7.054063654840127,0,430698862
db2a476f829c26ee37e6183d418be9cef7fa66032c1ba1a6dd325917cb57fcba,3.8784169516364972,0,430698862
0e2a78f5f2cf06a3777c81ab44a935fdeee153cdde4e6ff17bbf8a9b39b4b02a,6.408886345861594,1,430698862
c798132d90e643033e9e8fad408c7adfc8dd97fe7b8dbfd235d6cb0856061c59,0.10727644975676243,0,430698862
86eadc27c418d759c135a209ac6a335296b988d4c4697cb48b375315a2d9482d,2.0905765860224146,0,430698862
e79f8d8383aa8e6298179c656bff545a89cfaffd18c6c7396d70d10c9ad945dc,5.250883029672612,0,430698862
d1a30eb5a4684658381db9cf2368b8387d7d30ac1cc3c9b122225981d29ca5d1,1.6375130425829587,0,430698862
4ae90fb69cde331b42c0cf62f49310eed81c6baa103c24eaa6c60ac6824d60d0,1.6590686787653364,1,430698862
ec97c039c1a93b66b4234a8ed188a4b1947fbaa34b0ba6346df7c501a8d817bf,8.363042905502379,0,430698862
ccaac7244eed5e3b595228a9b083033e629e3cb1023a653d1862f7c8c102bc0f,9.891330026836055,0,430698862
52460afaa975a98ed2ffabfd94fa4a4427097f229b214da0f2eca46d0b177f98,5.559694280284484,1,430698862
61bd06624e635b25c95a225f8ea1a1b99b5dd439a50b07397717bd7f50d445ca,8.390697308817135,0,430698862
5fad0e42d7494674461ad993c5da98e9f96209591fa3abc266298ff8ecb67240,9.903216643262725,1,430698862
b95740bdeb10f6e2c6b490fc9404b315f229ab517f3cdaf2d518a68c2867ddea,1.415958885687747,1,430698862
94ab2167a50cd1de9cda7a6c8373f7526fa3e312d1634402c1f13b533736b625,4.482456132543511,0,430698862
10295823ed100904dd3f19d7f68e6691142dc40ef42750f7af3521913fea3efd,3.925727158419199,1,430698862
e864cd91c90dc32407457b8437a70d3058befdfc24bc5256537baa68b759380a,0.8004928364618502,0,430698862
219eabea67f09cf58995a4c4d1c6c35517cf09c67ee6aff20831e935284a1ee8,7.553301727947445,1,430698862
040aa11a40c7305a09ac9031db1fcab2436fef9829616384858cdb8d022f1f7f,4.33779027322593,0,430698862
01c2509a70aaf23bf01a0d6e1d8ed14ef92155ce548da837c7d6fc844a466d13,4.693269341904013,1,430698862
572970c00df09818bc0963605c585bc9b258686cb3ec916f0b226845ac4e4db0,1.5067297381324019,1,430698862
7f7f36cb0ab96562c4ad7bb1db8c03f29bc89d76f63029b226960b3728569f90,1.8092665223086812,1,430698862
8cdfb9a90ba04aa7383b207b26df910261b6780ed33d42a5f458aacf56ba1090,9.07103622156215,0,430698862
d3b0fee2044afc11fc82cacc5017d721fa0d82af5ce8cc4928eec0c02f33a36a,0.44649088974278883,0,430698862
844d1dd4271e2a13dffbf20f1f8d5bdfdc521672c9e91121e3b12c05bf4288c1,2.3285228494370624,0,430698862
6609dbd1d35e2826872b57788d68f06cb38ea9240dd1ccdebb9de0803e02cdf2,2.9205933031452833,0,430698862
2848839214b0e28cb90cd189b59243e08c3a9071ea5ab33e4e88e0bf69f7a927,4.901975424015864,1,430698862
95f7b6baad00130d3c92dd253c87feb6af8f4b412b64ad4682b6a2ae4a9dae48,5.864451730147959,0,430698862
7c91ca10e7a131b1cc905ffe69611c6ba95078b185d5fc6145f313d3d20bcd97,4.932899758506666,1,430698862
a2f105a6944f7846c8f5395d8b1f442c0f425110d827a7d1dda61e55c1e065b9,0.8411533455688203,1,430698862
ba10acd48dd2cb2015c9fd156f39848737abac64be60148df07e1b05a64f410d,2.4366745405571355,0,430698862
0fd3788e1f970033578705bf48b304d32e600d85c183fc04409d8c8fc1e032f8,8.435883847625412,0,430698862
a918bb6f150877e258f55c4536922adb793bbf8268510f7438e408b3e408ec6f,6.375887004784591,1,430698862
852d031b46805c82e5bbf9c9d3d8da5027cc99fa5bfc1fd5d355bddfcf5282c5,6.491490501342744,0,430698862
7cc2c558b26ec3d3bbe8f1738c6579dbdd0c6de2eba79625e3ffc80804a52111,6.70203255351355,0,430698862
980e80cb242f139046f1a571816a5c59b06f269e9bf1d11d3a1ce24eae7c665f,7.629030190395291,1,430698862
bbb62180a3638a492bd348b960f4351acf684b3e650a3b74c881f23263f69e3e,0.5810848172144734,1,430698862
2f27917b8adb163ae537d2017f0c728a43578700dfcdb07b46419e11a4086ae3,3.6660838493261236,0,430698862
d70bd70af7662eb281188ec7fd026fd583eb442d7e6a650ad409f902260dda2e,5.395274352616787,0,430698862
76cbc09c351e66ac62e20cfaffae05a3e091d7d548156788b290100abf8b2e8e,3.3845648329732603,0,430698862
251041d49d6e96f63b861edbc134fe7f2af1943fc2f1d82612c8c61d202c9a64,8.444788732871865,1,430698862
7497309eb47d14020892a3e3f94eced28b3d089d0a2a88b5cfa362cd349a1263,4.825725085872939,1,430698862
9a135e49c8e806c99b7ea3f310d2865d703ad04e42526424b43848bafa67148a,7.686275894593791,1,430698862
5c61bcec41906003146416daffbaf73c642f384b9c665e5c23f769ab2df40c27,8.52015516881169,1,430698862
2a1f5c905c9090f5e06bea1e762578c1adf2d13e7eaa68ead98c26653549b26e,5.047914829034981,1,430698862
57ed05a7fd6eb1658b8f5f7380dee509f6add29461ab425381414d6df017b24c,9.095522438713498,0,430698862
5efb07fbafbbb894fbc6668caeacb8df4d41305531e9244cf5291676030777eb,5.871239405369806,0,430698862
2261e5175d133e36b1092755a421bae66cbb8cb4e349e56499fc0a894352c951,8.502742988337218,1,430698862
42f88671270acc48d5d1f49ebbb504279f83774198f009e0c0b6a7f2ef2077af,3.405907955915243,1,430698862
3c4fe47dda0038aff90f2132d368b5ff1b432b0c96ad09540b5ee5e13160a727,4.988169585314852,1,430698862
c165468749a919ffcdf022db24e2305d60548a801eb96637a3fdd212290de49f,5.314110410045777,0,430698862
be085b7e51b180ce47cb9f535525a888d3991b18a61f72d56f9f5c0ace726379,1.0497971589607058,0,430698862
7313ddc1a2f3cef987547db46739f6099c1314b77fe7d37567bfa2c4201855d0,3.9855250670154065,0,430698862
722d02b62daafbcc3ffe2e26f8057f38ec650bcb1b632db1724a93c598fa37c7,9.17337672551676,0,430698862
5a76516c40c0b85b9ca26272baad174c2d939c9b30268442639275381eb75dff,6.3083224036474235,1,430698862
5604a17705fedee334df9ae9ce87a775256269baeb396bf28e2d21447ced0226,1.7750658243696749,1,430698862
82d0fb6aac9cbc6d70686d1a120f4d5d2fe219d00143cf8ebce77735eacc8ff1,3.38855635609605,0,430698862
0cb7e8cb605f86eda7588f99b8c961817df994ae784cf373b49ec00777c4f664,1.9160300966269983,0,430698862
29275ba3f7cf28edc5d718bea83211ebf96fc33faeca9affab311b13f681da15,0.2482313179857254,1,430698862
92bcf336373b911ff56b1d10e5b9f830b576d3499399ec38db418a300d669234,9.274604585040267,0,430698862
57d92097e8d49ad641135c6565503ab34b429f8aa827cd23b3fdc9e2d7e6d926,4.482073282568715,1,430698862
f5c9463a67f7d1eddf629cb4d9a8d5ea8b79677168dedd57a99e56393b223b83,3.0753507242078615,1,430698862
a08bd29c928c546b8323c10a2939086e3419f69239f074dcdf8882987b9ba11e,5.984771915577366,0,430698862
7d8f40bec5d7320f7af61861005073d775df80953ae8e8d15f6c90938409864d,0.07314456293015636,0,430698862
afede30284a1e57e8f80bf2d85a9a6669bd488ed1dbb0b75b2b69521ad0d871f,2.7802210660081386,1,430698862
b93f3761d06425cfc44c3440456110accf39acf84fc6b1d5b82e185e9a2e3735,7.030334656988925,1,430698862
5cd0ed2ab44ac4469f31eeddbde2c13746bd215b430067e1c9541e0d12a9b694,6.337697730692629,0,430698862
c6ce514b825d684d1c62b3138e09e9b9f3c88e5a38a5dd9655f9b11b1a2126ce,9.818059475425354,1,430698862
83ccd8ca0f3ad9aa615b4d9e44ae5b4f63a73067f02e355d3232fbb53df1cfc9,6.203577096580441,1,430698862
84d73656a0aee1197b3c9dd46cee5b2f3cc14bc63d71d839a06a239e536115bf,4.775058736277328,1,430698862
4e950478e9b672caf2739252705acd7441a931fa0238f7edcc7721e9a0d06a76,7.614325631840076,0,430698862
fceb23037c1c44fcb174c15d3874fe70b7fa9a533843d57351a38dea374fe0ea,9.033278719640531,1,430698862
9131ea35d968923e38bc41d4c1d1d75ad10500dfb5f4cfcae18b9de8e3c751f9,7.206959467183516,1,430698862
d72dcb90f05856cb5fc674e2a01515937a2758fea097cb6b5485c8c26c02b3d8,9.632112235493796,0,430698862
bc3d2ee79a1c8d8f5abbb0b9b211ecc5f7034da1f725b3c4a7513682c2e34632,7.820051707381772,0,430698862
e1a77595302c9759d20666ca2c88e3188da3e8b81b80bc904245a73fde046f9f,8.668014382619265,1,430698862
91a25485ac8944dc2991951dbc294c2cd035969573d9fa6695b1e9d26aa569e0,1.141040711836372,0,430698862
1d2f148667740c66d934eed6bfd1d9024c15c9e3035e6b2d7ce59a2771cb08b3,7.324135029937877,0,430698862
44cc7202fb079f165cfa328498de470e0944f7ed426b56b6b33ccada02e359c2,4.400886995273686,0,430698862
2c8f1fde0939bd98705bf724529c6d09b31cf77620a4636960bdad6e1f849dea,5.531038024112752,1,430698862
3be08c9d9a5b59debc91b1552bad2e134233512df21784a4eaf9be23786f5c72,6.541024094823568,1,430698862
b0158e6f2304d3bd13a2431a02545f8fa6e066b388dfeb7ee598371fca224fd6,9.698151167055695,0,430698862
b8f0303145c7d1e3ecde434b5b1fb351d05350d5c0f0f2b5aca8fd05a6927b99,9.845780814316246,1,430698862
38c2b70af25e779caa417403b3d28285e06aae42f5633df98079603be8a57f98,2.8822824548790527,0,430698862
a689b1a42d84f88bd51a4959dcde7c930d9e22443af6a607d7c0751e2f78163b,7.337534974379162,1,430698862
6df11a550c07a2fb1e2acb881105cc2b5e291300e928dbf7a18f1a8250ae03c8,7.499835379352686,1,430698862
5cf3f07bb48d15c38fc5a8ee0b5c2beac0a8b0db1628d14525957bc6209cad46,3.464928613130488,1,430698862
de311cfbfe3dfc05927f27c35f82cc73b6b5a65dd6395ea6be51b1ce0709c498,1.2386977486422102,0,430698862
a4814c7bdf5e44eaa52d01e418e282af334665dfee5ce24f5c1be3922b7fda8d,0.4094696028571976,1,430698862
619ecb560ac1266259dd7f9d64c6a4656704b165cbcc0bf6d18a5db6708c8e10,7.773431275291785,0,430698862
d7ba8c56edf05dd6e0c65d7aa582cd37e6d03f64062da6da04a2ba7b5e030e78,4.896997418169059,1,430698862
9a43881f3da1f7ed010241ab27293e1fc8488b90c1f89ae58d29b0c380f41c72,9.855401694949261,0,430698862
b918152809008dabf287091c9645d757feaa4c7c69ceb186ae8d3d98be7feb2d,4.649734561936531,0,430698862
c5a7625978a96aa6dc1a24b5e0d2889fc4fbf4b87656b6c746db61d19ccdb7fe,9.779169790738402,0,430698862
bfdb3d6095adf2980f3732c42e51a320f963eecb781c13b4cab6d16a1a3ec365,4.1157600219405985,1,430698862
bb3b879e01206e7a5c1c2a4b9abd1078e51be5fd9924bba59c81f56728112b49,7.936821505599726,0,430698862
f44aeb2a4fa36e67db29a44d436c3d80b5701fce56c996d6a83eea1e4ea87ee6,0.8481927231183206,1,430698862
84a0f81d192938553b96cf9f4f0b7e2b325ff86a0ef37caf12f28ede016e9829,5.554617101377639,0,430698862
b169fe662a3d7de3408d4b256cff9bd8bafd125d47f43fff3cd69deca7bc0b5d,8.020597869857243,0,430698862
e39e9ec064b6bf76616509921f1de029f889e5d43959ba93416cb090696a549e,9.247016672198887,1,430698862
de94e3a7cdd35ddd77ce78326cf30dc522802af6f9f61f8f8a57db3dff0f3029,8.225830906174316,0,430698862
85035a9d214907cf122cdc01f690befb36963cdae8a9b54fb62802f00408bc3a,0.36970727201174225,1,430698862
607242ac844666b025451d651ba7c06c38dc8cadfea6d79c8dfe26ed7124f520,3.727023413067342,1,430698862
b9179fc3ee4c6f47b2947d4e904888ec848592ead94c254204375a536b162fc4,0.4869847231385127,0,430698862
ecd4e207385ee088d07e49b3d0489724e9380d0228a00cfa28af42b1104b8fea,1.09282291114558,0,430698862
064e2df800bdae5156308c0126a187e8a32429de47bfc2cb05f000b93245665b,6.753056286674841,0,430698862
799cdf4e8cf58653ff3ff20cc0503064ea280a3f39af0aff3ebb3c139a2868b3,7.132581963116982,1,430698862
d5452989f92c21e6e6e136868bfc9ca2eb52b080ee27df1506c577834ca5f962,7.737206827516263,1,430698862
a04a5fabf5fde77a0904d2f780ad1d1750c3b734cd05bba226a4944aa1ae8d6c,8.654565480556629,0,430698862
d2d8ac80c460d9bb2ec4b1e8c8c3773774b99787a2c9c1d111940e5c7436c182,7.3943146847650985,0,430698862
cbee3ac05d129a602a266e08a022718ee546de45f017703ff19fe6f94a77f277,8.00871592106632,0,430698862
8b6e3f4a1ce33c32e543aef8f641c5b06ebbf95adf055cf4be33ffaa1d7e5c46,0.48963709823279244,0,430698862
e7258846684c69e87939261d8cf66d927502b736a61ced258dfc49f1b12e8134,2.345351504412986,1,430698862
c0ce8ace3ddbec848ead8583394c77910ac8ec1647060e909da9f4ee0ef498b0,6.218977733752458,1,430698862
fa74b1a24fa44ed4a4723c215644eb4b7f6a4620e4206a53d54a7daf94671558,8.581253046248232,0,430698862
7e9df5a3dae1d547ef742b5cfffc87c01ba55a4e8f40073826555c0fef468d23,0.045001249396591225,1,430698862
8c0797c28d5e5036bcb7e13bf5b2182dfda1f3e4c6220df61152e95ac3b45413,5.146293421163498,0,430698862
3218e34111e44908974610e634874dc564b06473763dbe98327112ecc92a6fd4,6.772873993643972,0,430698862
e8c2885d997e5c8d4aaa422185520bb3d58a5749e8c351eeb1318ab3039920bc,0.2960728912861321,1,430698862
62b4086fb9a1c819fe2038f1ed1db63e99195af5e8150f28e4e4b5abdf36b5e4,4.013555575533879,1,430698862
997b23e5f8722241f99db029ca829fe26116ba534557361911eadeb1969ad572,8.956348813836968,1,430698862
58d0b9ce1cc1be2e48034774481a9b6ca949541c850a01d8c0fcf8b8ed331a9e,6.7161280885585875,0,430698862
d3c2eaa74f886efa5f93d5272a423ba5a81590f3bb0c0f4318ec8d36cd1d1a30,2.376583633605973,0,430698862
a76fb609f499ff1c7b8d579f02409f76bd2c4781d2872b11dcceba49e6e16fef,8.527811296319127,0,430698862
2aa5f3841f44354838a9b4c733ea6e2ebcaf1e459ae9ef6e88c5c62ef0cdd3e8,3.480314234095143,0,430698862
0a762251555dbfaf797b1b4a4d849735471486538df06059447f6ec81ee7a602,8.533446711440595,1,430698862
251002dc7122e9f1c62a5380857154d0afc14acef864aaeaa118fde2c082c7d9,2.989436511189055,1,430698862
3ebaa335a647ecee1672e2801ec5717207c522504158e83b31c86c5c306358dd,5.90320250883149,0,430698862
093d700e26eb1cd16691a6706ed0782e187464c5b1cf09c8ab3118bebaf719fe,3.969400677478341,1,430698862
a7c41b831318a7d083caef7dd25cb8f4765a2266aed48aee59254518915fabe8,2.7482505075506705,0,430698862
0ba7d8742d4a064f5b385d9a3a9af4c1c7a2eabb1e94415a76060e1156403077,8.865575621718692,1,430698862
7d42808b6fa3e472098a7eff3bb9cf10b931364cd82ec79dfd9486a0b1ec0342,1.8759368193949133,0,430698862
554e6f977da6b00085ec17ae02299b45a50d299718ec703ab15c6d6b05086248,0.848115912357631,0,430698862
59ce457d2e0a0dd6fb35b008e44a63d3c9aeb2d083218401fb9d02ef1343a89c,3.4192693854566034,1,430698862
780e7d2cd1a6f6e5dde88778d505e8e9e4710f96739e974dae2c04ad53e9a3b9,7.1763914764156755,0,430698862
8d0393419fc91e8a325a09be02c245283b98c2844b35da2491d4d21e3a1d181d,8.074316059762817,0,430698862
3ec1c732a0f3ebbf3f53796fe476d77b1173ee5f406a08296e65ec0cafebce80,9.987433700667648,0,430698862
769648c66ce5491267cd0a7362505cd2212c027e4a8237382bcf2ea68635720d,2.963620570111649,0,430698862
86773d691dbb07d35472fa68318d2426235da1abd4026c0461f5921c3fea63c4,4.079419511312822,0,430698862
8a685e4a24f90208b740a2895a59f7b220c8fedeabd7af6c0899e688b7a9e390,1.368212780296263,0,430698862
eae2caf050b4fc63c9bf0e8b1817179a4c58c29163534f20892580db49435405,5.748719296230336,1,430698862
696a2f32145bce7b75bf76bc0da3b2bf57c854d25dbd7e4d737f08ffb8f9f61a,9.975800372629172,1,430698862
e173e3da537f71f1e03a51277d5b985d95a03dddd9c7cb50c61b6645743ea542,7.008810101206585,0,430698862
8fb3023b6f86000039b3d06e006c72d32be9f4c9a577d4997112e2374cd7b3f2,5.952128404133718,0,430698862
4ca2632879dae50ccbd410731ce47f99e9a08f77e467b8c58bf2e59d19e46d7d,3.92369092921794,1,430698862
99068af0e15cf58a830e8d3f6e94168d03be8ddfaa2355dd397ba03103cbfc42,9.152987602855548,1,430698862
469919f5dc1c3c180526e2547a2b14b1436e683824b615074b84185ec92921b9,4.969165961303494,1,430698862
c7a87c37e10749e67449b72a4a6706b52ac60c26632542a4d565e8cb4b6df4f1,1.343669133130615,1,430698862
163ea037efa79a6c4dc7ad3b5681bd0e9bc0db2bfb15dd8024ac509dc34951dc,3.6537846319913347,1,430698862
9a8958c800fb889533ad8d37caf38e6f3afd5f23d71d65aead9b5de575d2bf22,0.671666688477669,0,430698862
a8fa74e2dcdbbd0a4ba6ee3a606b8ae41a8ee51c42f205f5377a5ab9e65efd17,2.0197903768878156,0,430698862
97962a4d04ae95a8715a66a9485de2ab1ac1156014833cfa1643130e073c84e9,0.17668780999912204,1,430698862
2a097b35f08a312db7429c65a6bb1d9110c424b7219226390715cbf420ebc809,4.532799165001634,1,430698862
45a2a9b896e34f26669483c5c5a8b61ef9eabea40b2aaee174736d6fa0faaa64,6.345402649517972,0,430698862
4b29ebadb4a3429fd70f106fdcdde51e65d60d2a1e147fc688144c3e7a0361d7,3.4329246237890776,1,430698862
a0ba24b4e92efb60710c97ec987912d0a367025f39c7cfdf35042053aef35c2c,4.203817715052772,0,430698862
84ce8637b46d141e869a13a252304f2528412c0d714b49a3e8d1bd154d93869f,9.59209272844576,1,430698862
0cfbcc58b7b6440f3e03e2568e1dba5153a30baa1a5edc75ae5d9e83a1da39d9,7.519631215749155,1,430698862
e6e128ba44827034c8f88516c3cc2f4dc50b2b589d66450b05eb137e677cb237,5.408566369449512,0,430698862
210cbe5d40abb0eb3bb8391b50de4fd6497929ce7ae1de29e98dc0921ec85174,2.8454087511182524,0,430698862
43e62f738f7c5e8245b47526c61214edcaafa11cd9652bbe366b4544f4765642,8.969967987729952,0,430698862
c159de52a9632629c4a0b8584b20dde1dfd7eda1ae041b5772ab82d5139823d9,2.350971168806595,1,430698862
de2648bd8be7cd23e3a2f034805999fc44cd09469bf5335e1fc5151fc33186e9,3.2534273051667704,1,430698862
d8ea38c78ad9917b58aeff47744c375016561ae0fd938007ca22515c4ef0cb3a,9.090648144229485,0,430698862
fb503da8c135ae81145584ba1d7b0a3711817212bed8c5f6db61cbfdde4a4470,5.295420552850723,0,430698862
9c09b9a982971f51bd79e06ebd7cd823d9a8891e92e03829c82711b15230660b,7.423179494179767,1,430698862
6750e1a6aaa5205e98d91bdaa3d77b9f9cda0455aa1bedd12a5577145f2b3285,5.9074479416376615,0,430698862
c3f824c4e7ba55384562012f91c5badf6ee6b760e8d3ec870b3f4f2114d4f276,6.5343920900949515,0,430698862
a8f26586d48c2e9843dd3410083eb812216fc973852a9dbb80b30eee57304ab1,2.9938329151482557,0,430698862
28d7b7f7e4da36c90e256729e8f0f435a7742e11d0d70738be2affe4ae8861f8,2.4137206162666294,1,430698862
31658ced6ed39caa7a66b9dbaa244befc9cf2bc8ea4fcd51d7648b84db5a94dc,3.224923471686653,1,430698862
256a7dcb40b5a0f4e2b57f0e0a438d40a83bb4b331641866a3efa2409f12b0ac,1.5544156408342247,0,430698862
22c0799a8fccc72f674bd4cef81c32f22e244393a68bb60be61ed62fcde37e18,8.743143652908074,1,430698862
d3f70e8eaf6d5c50f4ec2ea8a4826054342dcbea78d6f357a288d4257dc32a58,2.832469332501141,1,430698862
c249e1196a1bad49ed763d2e52f458bc1b7c88248f314dd99cc029de7ad77d4a,5.614893944143846,0,430698862
441909dfe56c339f092fb15a5f5edca8500a60e51505750f082cbc195d694c40,7.919744251413741,1,430698862
113c4728b0f33175903f515e73dec972df3220ba3fc77c3458580e49011c081a,7.838241093757135,1,430698862
126b37623ced890a1cab208fd1656d579f40371eb91d23491ee475eba146dde3,4.3838625858419284,0,430698862
c4b3f82b312603dc5b7c2f8d71af76c5242b1e87c367ad7639bb7c5fa351e51e,4.762573085867256,0,430698862
3e63388b0dd738d771bd08b9bee853f890f26e723f981ffb32c2f2660ce2d86d,9.947017489350248,1,430698862
a4b75764d0dcccb2d5601fab3d28bb891aedbf6c3b39e9a9044be8e8dd755150,6.745974769790241,1,430698862
c535cbe2760caf68538b7e132c9d653695944a67462256d924037ab5979801a6,8.146384431178827,0,430698862
078c8f7c78f28e3888347ad16bbd7ab055633537cfbd34c6ed5e519790429386,9.02553969219232,1,430698862
ddc2c5b11ce83d589edc4ab4968ef40435976074c8964dd625310c67d4cb3d2b,7.875898362293392,1,430698862
ec74ced8e244bf81810e9f2c29f8cd259a9d049608c2252b8b2389b019a8ea8b,1.8517934495356758,0,430698862
eef912ecf4386dc09525310644470dcf598b6130ddee065bddf1711a2a26eaeb,5.621707337375722,1,430698862
6187afe1a9db61c5d4fd574b2ba23bbee77d8f7f5b04bb669e15b2800f7c023f,1.0189415731454488,0,430698862
5fd0250feedcaa40ebfd6e49ad180d351798490a569711cb5588f20fc939ea08,6.529221265639984,1,430698862
ae0f735a8936ef7220514f4309e511a0336f41a99feec93863a870b674cc3f93,9.553494281878109,0,430698862
0bdfeef0d80a3e40e05112ee32f0ca7278df71a3c5835e80a2d7e7749711d143,5.127320643001113,0,430698862
d7da43d04fd99567db8c639918a765e7421c372062414172f8ee0d2a3c43ae07,4.329724928677672,1,430698862
e963535b245e18fb877314d612a5e80bd848a236ffe8978500ddd38743707382,0.35842751418163177,0,430698862
56d13919bec0b8224566012ee9949ab0f178f3fb2b171aef3059ef72d9a80b9b,9.597745223292204,1,430698862
979cd4307a29c0b2c68d6520471920ea3fcd0d8f0766208220bd4c9c4f03941f,1.0300268413015878,0,430698862
812db68ff8627127d187c0ec1933b4bb82b4e708a2d74e1dda26c78324178c44,0.41079093304846936,1,430698862
dfcaa6432664436f90092440d0a31f22d91056d0d5acf0ed674a5e8fc761e985,2.460666115049385,1,430698862
df5297156f7af808211b748866274c4a5104724666a09271b3a762c0fc8c7ffe,0.6553043391838242,1,430698862
e2fa8397b60ab237958a8d4f8c6c0a3cf60c46cfd3e2938eab7982d9dd9a0a0d,4.551178424117623,0,430698862
c804e4f0a2fc0a158c11b4c4ea3949ab4717fae246b3275b8c168265008d11ae,5.160878012571124,0,430698862
213587a7f0a51669b6b66576a32397f5cb20fd62d0f16555d38d56ae60b91f69,3.1256994902858395,1,430698862
4245e07a65bad33794759680e57b9419b2f570d6e9de98220c4177671a5c579f,0.5096048257488606,1,430698862
100d7bf8479f3c0c9a97689a267abbe9c31f8fef465382cff51a5c5912284060,1.116003682492267,1,430698862
08fe6ec83f5d30b060a06a2b24594a6b46b478571f3ffe9629fae6af6bc0d2cf,3.8450437798992807,0,430698862
97e2d723e4fb4786f1435a4680e595872de5f4b0d38a6817209af41e3bea7548,0.6052845082653613,1,430698862
3b48646c782350f0d08e9f8a59ce0464a708f7349859cf18af35bdd394cc190f,6.981897256099135,0,430698862
a48b35a39092b674b1357b012dc1b898160568a7d326f8ab600cc66e3ed0d33d,2.07020541524812,0,430698862
ca69e2e67c6456de39a97e114864f12c52ad350b6fb3c28eb3470427d5b3b74d,3.020715687836385,1,430698862
93bef6a88173ae2ef396fd28fdcf4cc96cf3292d1f806ac57761f10383e01731,3.941257771780975,0,430698862
df17d3a9b5f74edcd68590cb4b9c0c9c42c13da1fb7d6305b4f9297ba41e58dc,4.166096330691479,1,430698862
4f3a7e476ed86db77612e081bf99facf3a75be64a7a7954beed53fa39a65d258,0.016607076748005323,0,430698862
eb3bd2f476c2ab70f3496b816f5e04293a649020a1faeb6ba86bf17048061177,1.1207037099869754,0,430698862
416c0944f45c56cf3d9f55914bc2853cb268d3a4e2bda689c88549fc67df822d,8.627645637408781,0,430698862
cc67ededadd1342269c84a800d6d7ab1d997110ee8d7a712c93be15af9d6b981,0.01233062511908134,1,430698862
d0bd3693e38bb963656fe36bdae8f628b564892e8fb1601ce94a289e4788936c,5.081673558128751,1,430698862
1e63261669a850cfb87acdaef503bde8cfe66eae9909d669df84177cff5b9195,4.895020065072081,1,430698862
a71d82bbccb7ff841aa7eaca96058bf6e816373e5460262d2a1589c6d4d6617d,3.330941610106378,1,430698862
701be0ca5f53a8bbd9abfcb2165b0a227fb6e47f5369566816ef86b8eaa5bb7c,4.313270201464496,1,430698862
dce123b9a26173fc6fdb5673b3052502b64a7cafca9e136dc1782adb804c356f,7.805811375265844,1,430698862
212361dc680de4e73125f8fdfb64a6ad3360cf363af54c5bf56f075f5f7a4d7a,8.412037062149565,1,430698862
287d06d65016bc2a2bfba03a3b50e0d5f4892f6ffb6d921c58f0f14fd43971d6,2.6034854341525007,0,430698862
0f4d3d3c1dd9102700da48cfabea7a8508d2f675cb1827f10b2d90dde12a99a1,3.2249044096772983,0,430698862
7c40417d54030555ab2b0cd67edbcaf603be1e0bbeadfb18ea5227fc321c5e82,2.4248285302833272,0,430698862
421b8edbbf27d7e5057e311a37c1d436da7a73477ef706c007a6bfc61f20f7a8,4.798634005510651,0,430698862
a52434e0b85b77258a91be4665a0a2ea3435a161afe51cfc71e1428321db808c,6.83258357658813,1,430698862
bb4c928fc59ece5c2a217e03fdc23840c43df2d1b8ba3078b336af435326536e,2.2825287546342055,0,430698862
f16b11a61452adbb130e641b48d837546432bfb400fa27e24dd28e350b8ec918,3.3073574205486667,0,430698862
84a9013328bd7b5b8d0f90f6b673af88bd8b9c91090e8e990ebefd7a8d75a3cd,9.303846175891504,1,430698862
f315090f2bf74dbe7ad40b11eb769edb4ba1b95383d7ac873b0e2f45f8bf3c44,0.48569289846958075,1,430698862
c9c4c0885104352d379ae02a6a149b1145fb05507e64063d9e9b6dabdf6a43ce,4.607696052395662,1,430698862
176212a702df1fad89fbaf91c6a11aed3c683add9699590991121b9bc3847ca7,7.115580415967778,0,430698862
a873beb36437ffad349a1d809f81587c40777e03f321c2030aa811fec0b99fb2,1.5045401155747407,0,430698862
f542c7cd44f1d89457783804c776cc70c850dd4d94a526206f833bb5e0299cd8,0.47374020005481854,1,430698862
7a4e2ce18b612cb8e8dd59cd8908e01a37bdd77a594c7558bef720e2245a4073,1.3820537163853075,0,430698862
99266466b85fbccfb42b9f225ca7a1586b825759a36c1ef795dd2a69f55a6cc0,9.18823193530683,0,430698862
032be09d37837f0949f81f237079053d1ae46d0070b32178af17cfb007d07f83,0.09259781821123414,0,430698862
1d58dc9608d1bc54143e6cfc6c22e01b8b3e413baea6cafcef9413ad8ffb71b5,1.8832197481135182,1,430698862
